
[
  {
    "id": 1,
    "question": "What programs does Soroti School of Comprehensive Nursing offer?",
    "answer": "We offer Diploma programs in Nursing and Midwifery, as well as Certificate programs in Nursing and Midwifery. Our curriculum is designed to provide comprehensive theoretical knowledge and extensive practical experience."
  },
  {
    "id": 2,
    "question": "What are the admission requirements?",
    "answer": "Admission requirements vary slightly by program but generally include a Uganda Certificate of Education (UCE) with passes in key science subjects, and for diploma programs, a Uganda Advanced Certificate of Education (UACE) with principal passes in Biology and Chemistry. Please refer to our Admissions page for detailed requirements."
  },
  {
    "id": 3,
    "question": "Does the school offer accommodation?",
    "answer": "Yes, we provide comfortable and secure on-campus accommodation for our students. Our hostels are well-maintained and equipped with basic amenities to ensure a conducive environment for study and rest."
  },
  {
    "id": 4,
    "question": "What kind of career opportunities are available after graduation?",
    "answer": "Our graduates are highly sought after in various healthcare settings, including hospitals, clinics, community health centers, and non-governmental organizations. Many also pursue further education or specialize in different areas of nursing and midwifery."
  }
]
