[
    {
        "quote": "The hands-on clinical experience I gained at SSCN was invaluable. The instructors are knowledgeable and supportive, and they truly care about their students' success.",
        "name": "Abenoja Grace",
        "program": "Diploma in Nursing",
        "image": "images/students/grace.jpg"
    },
    {
        "quote": "I am so grateful for the education I received at SSCN. The school prepared me for a successful career in midwifery, and I am now able to make a real difference in my community.",
        "name": "Apio Susan",
        "program": "Diploma in Midwifery",
        "image": "images/students/susan.jpg"
    },
    {
        "quote": "The e-learning program at SSCN was a perfect fit for my busy schedule. I was able to continue working while I earned my diploma, and the online platform was easy to use and engaging.",
        "name": "Okello David",
        "program": "Diploma in Nursing (E-Learning)",
        "image": "images/students/david.jpg"
    }
]